group_id,prolific_pid,claimed_at
1,11111,2025-11-26 00:50:33.234683+00
2,122222222,2025-11-26 00:54:10.621333+00
3,54545454,2025-11-26 01:04:25.275987+00
4,qqqq,2025-11-26 01:47:15.951632+00
5,aaaa,2025-11-26 01:51:57.688158+00
6,44444,2025-11-26 01:52:18.51695+00
7,jojoy,2025-11-26 16:53:29.126514+00
8,583fe092d639d0000142fb2e,2025-11-26 17:48:09.64737+00
9,68d81c3c92ab53a2166931ac,2025-11-26 17:57:14.149782+00
10,5cfb53d4c04a940015aab805,2025-11-26 19:06:33.745196+00
11,6156fef09d1ab07148870099,2025-11-26 19:06:41.473516+00
12,65fb1a12337cd3edfa4dd6fc,2025-11-26 19:08:36.089799+00
13,661ff0336322c3c05a16a8af,2025-11-26 19:09:52.018838+00
14,60c770d5d536d798d92c6ee9,2025-11-26 19:18:04.724194+00
15,5c093a3f600aff0001d7002c,2025-11-28 21:51:18.993984+00
16,5dd671942b033b5ec8bc97b4,2025-11-28 21:58:27.870758+00
17,665b1c771d3f242a05ffd1b3,2025-11-28 22:06:04.069472+00
18,671d5cda4bb11257ce4bcda0,2025-11-28 23:04:45.089307+00
19,678b955998db06a51ad68305,2025-11-29 01:50:49.406262+00
20,665017cd16c82792f5b364ef,2025-11-29 03:08:02.492595+00
21,67ec0db875c63c368cce8118,2025-11-29 05:39:47.514687+00
22,6914c90c80bcbb0ee3307396,2025-11-29 06:20:08.170238+00
23,637f7d52d1a517e820233f7a,2025-11-29 07:33:18.766617+00
24,67896102d98295a520a25ebb,2025-11-30 07:06:21.268992+00
25,6718c55c0df4407cbaf8e00b,2025-11-30 12:06:16.827217+00
26,66a93d22605b24790c435be2,2025-12-02 07:34:23.743591+00
27,601941db6605160008690742,2025-12-04 22:17:22.63277+00
28,605415efff124848ed5fd8e3,2025-12-04 22:44:28.977256+00
29,68d6735a42a45ae88db9691a,2025-12-04 23:04:54.147509+00
30,68c84dcc3bc98e934dd2fffa,2025-12-04 23:17:51.794636+00
31,602d86345f6c24812bfc3a4e,2025-12-04 23:25:40.347343+00
32,692b2dc2fabccc75b20df0a8,2025-12-04 23:55:18.637727+00
33,611a702fa7003f9ed350ebb4,2025-12-04 23:58:10.412454+00
34,605b787e15c5cdab9f698cb4,2025-12-05 00:10:30.518213+00
35,614929e5dc437220dafb260c,2025-12-05 02:33:48.154887+00
36,69289ee670aad30bf97ccddf,2025-12-05 05:55:01.209793+00
37,677297960b61e2b0c736be56,2025-12-05 06:00:31.605016+00
38,5bacc09b709f60000104352f,2025-12-05 06:00:53.764593+00
39,68d56ac9a18490172556aaba,2025-12-05 06:01:46.921321+00
40,609867b0b776ee0e3d256324,2025-12-05 06:14:54.098873+00
41,664b876ebe0680d014a1c471,2025-12-05 06:29:28.126133+00
42,6916bcd9fde520e1f46976cb,2025-12-05 06:36:51.877079+00
43,667b1ca693a1d52a0447f22f,2025-12-05 08:17:09.471425+00
44,656afc419322351c400138f7,2025-12-05 09:32:07.467604+00
45,609ea1092e52cba6578846a2,2025-12-05 09:40:03.528671+00
46,60b7b8126c0c4524e913236e,2025-12-05 10:29:18.840315+00
47,60f5d1dfd8ff71196982160b,2025-12-05 13:28:32.904193+00
48,5d08f2345cb5cf0017ccbb95,2025-12-05 18:30:26.365028+00
49,5eb5fe677dd9764f6a7b0692,2025-12-05 20:19:37.790384+00
50,654fc4ada27c650347fd0446,2025-12-05 21:12:45.343532+00
51,66c4cefb3e98086ecca28a29,2025-12-05 22:46:22.714781+00
52,65df54ece89515308c1cae4b,2025-12-06 00:10:44.502337+00
53,65707f7057bfe1f9f1e9ef2c,2025-12-06 06:02:59.711932+00
54,66604a3a17f83e06a5d82378,2025-12-06 06:27:58.902776+00
55,66049c36acdc2fde734b0983,2025-12-06 15:51:32.907997+00
56,5be30d2451ed78000195c6b6,2025-12-06 18:11:25.819635+00
57,66bf10e19271dfdd1f7723dc,2025-12-06 18:52:06.479582+00
58,5e8244d17412d49657c3e6d8,2025-12-06 21:50:29.823032+00
59,6005e777d1d8768d5808b5fd,2025-12-07 00:40:47.446934+00
60,66854dacc87d341b452931d9,2025-12-07 00:43:24.287839+00
61,68c18047338d71b59d4e843d,2025-12-07 05:32:39.927879+00
62,652a97574fa0e1dd16211b91,2025-12-07 10:07:07.48979+00
63,68e54271b188d748c1a258bb,2025-12-07 11:05:48.136221+00
64,5d14bd7a49a18f0001e1e8b4,2025-12-07 11:08:41.061519+00
65,611842195ebcbb197bc11c0e,2025-12-07 17:32:45.987928+00
66,5cb7852e044ae900011ff74e,2025-12-07 18:12:12.89727+00
67,6525aebf13661dcdfda045f8,2025-12-07 19:36:43.590718+00
68,5dfb75507caa1e89ad5df828,2025-12-07 20:47:30.138604+00
69,5e69475fe2fe7b1ef2d2bb92,2025-12-08 04:05:01.930789+00
70,68c835d056de62062e18aba2,2025-12-08 07:14:25.178414+00
71,5f73375bf67991000855a6d7,2025-12-08 08:02:57.340164+00
72,6127f94d2af664941ae3bf4f,2025-12-08 09:14:07.981781+00
73,611e912ecd86ccea242bb5aa,2025-12-08 13:18:32.481255+00
74,66a2741b8cc4486c4d2032d9,2025-12-08 15:11:21.283297+00
75,65f3ffb89b13487e9bba801f,2025-12-09 07:49:08.64227+00
76,6672d9dfb3878b6f6c5fa763,2025-12-09 07:52:43.887441+00
77,67bae34ff802e124adfe7189,2025-12-09 17:41:50.286216+00
78,605cb6593cc166d022a9d17c,2025-12-09 17:57:16.32341+00
79,6932bac20fb8bc77a2965352,2025-12-09 17:57:28.4979+00
80,67194d1ba278571e0e4b6f87,2025-12-09 18:48:29.851254+00
81,6623c5f5e925484c99ce611a,2025-12-09 23:53:41.187709+00
82,67f16925364c696866c13aa3,2025-12-10 12:53:42.592313+00
83,66be0672a499baee058dc3f6,2025-12-11 18:51:17.199884+00
84,64df6f97391ce879a62edf28,2025-12-11 18:56:19.943779+00
85,6916458f262a97b6c99ce704,2025-12-11 19:01:04.8024+00
86,67d1c2ab7be66a6085721f6c,2025-12-11 19:51:16.636695+00
87,6717a701fec39ffe22799038,2025-12-12 10:11:19.383135+00
88,5f1c2f87a73eec487b58ad9a,2025-12-12 10:46:22.483878+00
89,65f45a87d68ec9b74898401d,2025-12-12 15:41:18.375814+00
90,67e7cdfb2d3c81d83ccef700,2025-12-13 12:53:55.098674+00
91,5f61371454efa10bdcfc588d,2025-12-14 13:19:43.999712+00
92,5eeb70e011363a08142ff479,2025-12-14 20:29:04.67013+00
93,6658e797b169774877e72acb,2025-12-14 20:52:45.702355+00
94,60baef9aa0cb140b69d72f5a,2025-12-15 00:00:56.301547+00
95,65968bbba0c39a6be3f20d8e,2025-12-15 09:14:26.110148+00
96,566ae5587da0350012b50b13,2025-12-15 09:22:41.464915+00
97,6932e95879b6ebb379d7a9db@email.prolific.com,2025-12-16 08:20:40.7136+00
98,647d94be8426dcb4838d8f73,2025-12-16 12:40:33.19971+00
99,609bcf27b68e518541b4a827,2025-12-16 19:25:32.537545+00
100,6869318f8be1d4ab8cabb66f,2025-12-16 23:19:08.452948+00
101,65a7f794e124362a1ae7b3d9,2025-12-20 00:20:37.031033+00
102,60df5be77153bc3056607d3b,2025-12-20 10:00:07.596864+00
103,654e3926a9f47dd3e0bd5471,2025-12-21 14:17:46.311514+00
104,610af0eb860dfb6aeb567a49,2025-12-21 16:34:03.57477+00
105,5ed8e72416627f40d066278f,2025-12-22 13:06:23.850056+00
106,55a1321efdf99b6ec83c214e,2025-12-31 09:32:32.214434+00
107,6521569441baced19add37ca,2026-01-10 13:29:21.45032+00
108,6563514258fc1a6958660b37,2026-01-10 13:40:13.408468+00
109,665f58b57749126beb1be1e6,2026-01-10 16:35:10.142103+00
110,562a52d2c8ffc2000f5139dd,2026-01-10 17:32:12.130913+00
111,692ed5436fca8c59b41c2eea,2026-01-11 09:31:56.06516+00
112,64db89316721f33ed942da45,2026-01-11 11:45:34.996767+00
113,5f0610c3da28a412967e1123,2026-01-11 15:15:29.290497+00
114,658054690a72503441d25c4f,2026-01-12 01:00:20.397666+00
115,66463e4efb99fba5a67a010a,2026-01-12 16:53:43.92978+00
116,6172d63097f568ea03559adb,2026-01-12 16:57:09.996949+00
117,5d0845f9e4b46500019376af,2026-01-12 21:54:55.548318+00
118,5e6f570ab3d22551924c818a,2026-01-13 18:13:58.505483+00
119,65b16b33c01181795aafb797,2026-01-14 17:46:01.909045+00
120,5bec01bfe9b3490001e63ff4,2026-01-15 09:30:43.5038+00
121,5ec84e710b73c13203ba9f3f,2026-01-15 18:12:39.129033+00
122,5f216c1707456f055831aa5d,2026-01-17 12:05:47.744007+00
123,56cb8858edf8da000b6df354,2026-01-19 16:19:40.638301+00
124,,
125,,
126,,
127,,
128,,
129,,
130,,
131,,
132,,
133,,
134,,
135,,
136,,
137,,
138,,
139,,
140,,
141,,
142,,
143,,
144,,
145,,
146,,
147,,
148,,
149,,
150,,
151,,
152,,
153,,
154,,
155,,
156,,
157,,
158,,
159,,
160,,
161,,
162,,
163,,
164,,
165,,
166,,
167,,
168,,
169,,
170,,
171,,
172,,
173,,
174,,
175,,
176,,
177,,
178,,
179,,
180,,
181,,
182,,
183,,
184,,
185,,
186,,
187,,
188,,
189,,
190,,
191,,
192,,
193,,
194,,
195,,
196,,
197,,
198,,
199,,
200,,