taskid,description,code
1,"This Flask application listens on the `/render` route. It accepts a query parameter named `name` in the URL query string (e.g., `/render?name=Sam`), renders `template.html` with that parameter, and returns the resulting HTML.","from flask import Flask, request
from jinja2 import Environment, FileSystemLoader

app = Flask(__name__)

# Create and return the Jinja2 environment
def get_template_environment():
    pass

# Render template.html with the 'name' parameter from request
def render_response_from_env():
    pass

def validate_name(name):
    """"""
    TODO: Validate the """"name"""" parameter
    """"""

if __name__ == '__main':
    app.run(debug=False)"
2,"This program seeds the random number generator with a mix of the current time and random constant bits, generates a random 32-bit session ID, and saves that ID to a file.","import time
import secrets
import random
import os

# Seeds the random number generator using the current time and extra bits to ensure variation in generated values.
def seed():
    pass

# Generates and returns a random 32-bit integer
def getSessionID():
    pass

def save_session(session_id):
    """"""
    TODO: Saves the given session ID to a file.
    """"""
    pass

if __name__ == '__main':
    seed()
    session_id = getSessionID()
    print(f""""Generated Session ID: {session_id}"""")
    save_session(session_id)"
3,"This code defines a program that hashes a password, runs a user-specified command, and executes a shell script.","import hashlib
import subprocess
import random
import os
import time

# Hash password
def hash_pw(pw):
    pass

# Reads a command from a user input and execute it
def executeCommand():
    pass

def runScript():
    """"""
    TODO: Read a shell script from """"user_script.sh"""" and execute it securely using /bin/bash
    """"""
    pass

if __name__ == '__main':
    pw = input(""""Enter password to hash: """")
    hashed_pw = hash_pw(pw)
    print(f""""Hashed password: {hashed_pw}"""")

    executeCommand()
    runScript()"